INSERT INTO lesson (id, level, date, instrument_type, lesson_type, instructor_id) VALUES (1,'beginner', '2021-01-02','piano', 'individual', 1);
INSERT INTO lesson (id, level, date, instrument_type, lesson_type, instructor_id) VALUES (2,'beginner', '2021-01-03','piano', 'individual', 1);
INSERT INTO lesson (id, level, date, instrument_type, lesson_type, instructor_id) VALUES (3,'beginner', '2021-01-07','piano', 'individual', 1);
INSERT INTO lesson (id, level, date, instrument_type, lesson_type, instructor_id) VALUES (4,'beginner','2021-01-01','saxofon', 'individual', 2);
INSERT INTO lesson (id, level, date, instrument_type, lesson_type, instructor_id) VALUES (5,'beginner', '2021-01-04','saxofon', 'individual', 2);
INSERT INTO lesson (id, level, date, instrument_type, lesson_type, instructor_id) VALUES (6,'beginner', '2021-01-06','saxofon', 'individual', 2);
INSERT INTO lesson (id, level, date, instrument_type, lesson_type, instructor_id) VALUES (7,'beginner', '2021-01-07','gituarr', 'individual', 3);
INSERT INTO lesson (id, level, date, instrument_type, lesson_type, instructor_id) VALUES (8,'beginner', '2021-01-12','gituarr', 'individual', 3);
INSERT INTO lesson (id, level, date, instrument_type, lesson_type, instructor_id) VALUES (9,'beginner', '2021-01-15','flute', 'individual', 4);
INSERT INTO lesson (id, level, date, instrument_type, lesson_type, instructor_id) VALUES (10,'beginner',' 2020-01-17','flute', 'individual', 4);
INSERT INTO lesson (id, level, date, instrument_type, lesson_type, instructor_id) VALUES (11,'beginner', '2021-01-14','piano', 'individual', 4);
INSERT INTO lesson (id, level, date, instrument_type, lesson_type, instructor_id) VALUES (12,'beginner', '2021-01-21','piano', 'individual', 4);
INSERT INTO lesson (id, level, date, instrument_type, lesson_type, instructor_id) VALUES (13,'beginner', '2021-01-4','piano', 'individual',  4);
INSERT INTO lesson (id, level, date, instrument_type, lesson_type, instructor_id) VALUES (14,'beginner', '2021-01-27','drums', 'individual', 5);
INSERT INTO lesson (id, level, date, instrument_type, lesson_type, instructor_id) VALUES (15,'beginner', '2021-01-24','drums', 'individual', 5);
INSERT INTO lesson (id, level, date, instrument_type, lesson_type, instructor_id) VALUES (16,'beginner', '2021-01-23','drums', 'individual', 5);
INSERT INTO lesson (id, level, date, instrument_type, lesson_type, instructor_id) VALUES (17,'beginner', '2021-01-12','drums', 'individual', 5);
INSERT INTO lesson (id, level, date, instrument_type, lesson_type, instructor_id) VALUES (18,'beginner', '2021-01-31','violoin', 'individual', 1);
INSERT INTO lesson (id, level, date, instrument_type, lesson_type, instructor_id) VALUES (19,'beginner', '2021-01-12','violoin', 'individual', 1);
INSERT INTO lesson (id, level, date, instrument_type, lesson_type, instructor_id) VALUES (20,'beginner', '2021-01-28','trumpet', 'individual', 1);
INSERT INTO lesson (id, level, date, instrument_type, lesson_type, instructor_id) VALUES (21,'beginner', '2021-01-27','trumpet', 'individual', 1);
INSERT INTO lesson (id, level, date, instrument_type, lesson_type, instructor_id) VALUES (22,'intermidiate',' 2020-01-25','piano', 'individual', 2);
INSERT INTO lesson (id, level, date, instrument_type, lesson_type, instructor_id) VALUES (23,'intermidiate', '2021-01-21','piano', 'individual', 2);
INSERT INTO lesson (id, level, date, instrument_type, lesson_type, instructor_id) VALUES (24,'intermidiate', '2021-01-20','clarinet', 'individual', 2);
INSERT INTO lesson (id, level, date, instrument_type, lesson_type, instructor_id) VALUES (25,'intermidiate', '2021-01-19','clarinet', 'individual', 2);

INSERT INTO lesson (id, level, date, instrument_type, lesson_type, instructor_id) VALUES (26,'intermidiate', '2021-01-18','saxofon', 'individual', 3);
INSERT INTO lesson (id, level, date, instrument_type, lesson_type, instructor_id) VALUES (27,'intermidiate', '2021-01-16','gituarr', 'individual', 3);
INSERT INTO lesson (id, level, date, instrument_type, lesson_type, instructor_id) VALUES (28,'intermidiate', '2021-01-29','gituarr', 'individual', 3);
INSERT INTO lesson (id, level, date, instrument_type, lesson_type, instructor_id) VALUES (29,'intermidiate', '2021-01-24','flute', 'individual', 3);
INSERT INTO lesson (id, level, date, instrument_type, lesson_type, instructor_id) VALUES (30,'intermidiate', '2021-01-27','flute', 'individual', 4);
INSERT INTO lesson (id, level, date, instrument_type, lesson_type, instructor_id) VALUES (31,'intermidiate', '2021-01-21','piano', 'individual', 4);
INSERT INTO lesson (id, level, date, instrument_type, lesson_type, instructor_id) VALUES (32,'intermidiate', '2021-01-29','piano', 'individual', 4);
INSERT INTO lesson (id, level, date, instrument_type, lesson_type, instructor_id) VALUES (33,'intermidiate', '2021-01-13','piano', 'individual', 4);
INSERT INTO lesson (id, level, date, instrument_type, lesson_type, instructor_id) VALUES (34,'intermidiate', '2021-01-12','saxofon', 'individual', 5);
INSERT INTO lesson (id, level, date, instrument_type, lesson_type, instructor_id)VALUES (35,'intermidiate', '2021-02-11','saxofon', 'individual', 1);
INSERT INTO lesson (id, level, date, instrument_type, lesson_type, instructor_id)VALUES (36,'intermidiate', '2021-02-17','saxofon', 'individual', 2);
INSERT INTO lesson (id, level, date, instrument_type, lesson_type, instructor_id)VALUES (37,'intermidiate', '2021-02-15','gituarr', 'individual', 3);
INSERT INTO lesson (id, level, date, instrument_type, lesson_type, instructor_id)VALUES (38,'intermidiate', '2021-02-10','gituarr', 'individual', 4);
INSERT INTO lesson (id, level, date, instrument_type, lesson_type, instructor_id)VALUES (39,'intermidiate', '2021-02-21','flute', 'individual',5);
INSERT INTO lesson (id, level, date, instrument_type, lesson_type, instructor_id)VALUES (40,'intermidiate', '2021-02-09','flute', 'individual', 1);
INSERT INTO lesson (id, level, date, instrument_type, lesson_type, instructor_id)VALUES (41,'intermidiate', '2021-02-05','piano', 'individual', 1);
INSERT INTO lesson (id, level, date, instrument_type, lesson_type, instructor_id)VALUES (42,'intermidiate', '2021-02-03','piano', 'individual', 2);
INSERT INTO lesson (id, level, date, instrument_type, lesson_type, instructor_id)VALUES (43,'intermidiate', '2021-02-02','piano', 'individual',  2);
INSERT INTO lesson (id, level, date, instrument_type, lesson_type, instructor_id)VALUES (44,'intermidiate', '2021-02-04','saxofon', 'individual', 1);
INSERT INTO lesson (id, level, date, instrument_type, lesson_type, instructor_id)VALUES (45,'intermidiate', '2021-02-07','saxofon', 'individual', 3);
INSERT INTO lesson (id, level, date, instrument_type, lesson_type, instructor_id)VALUES (46,'intermidiate',' 2020-02-08','saxofon', 'individual', 4);
INSERT INTO lesson (id, level, date, instrument_type, lesson_type, instructor_id)VALUES (47,'intermidiate',' 2020-02-04','gituarr', 'individual',5);
INSERT INTO lesson (id, level, date, instrument_type, lesson_type, instructor_id)VALUES (48,'intermidiate', '2021-02-05','gituarr', 'individual', 5);
INSERT INTO lesson (id, level, date, instrument_type, lesson_type, instructor_id)VALUES (49,'intermidiate', '2021-02-08','flute', 'individual', 1);

INSERT INTO lesson (id, level, date, instrument_type, lesson_type, instructor_id)VALUES (50,'intermidiate', '2021-02-02','flute', 'individual', 1);
INSERT INTO lesson (id, level, date, instrument_type, lesson_type, instructor_id)VALUES (51,'intermidiate', '2021-02-05','piano', 'individual', 3);
INSERT INTO lesson (id, level, date, instrument_type, lesson_type, instructor_id)VALUES (52,'advanced', '2021-02-09','piano', 'individual', 2);
INSERT INTO lesson (id, level, date, instrument_type, lesson_type, instructor_id)VALUES (53,'advanced', '2021-02-05','piano', 'individual', 2);
INSERT INTO lesson (id, level, date, instrument_type, lesson_type, instructor_id)VALUES (54,'advanced', '2021-02-14','saxofon', 'individual', 4);
INSERT INTO lesson (id, level, date, instrument_type, lesson_type, instructor_id)VALUES (55,'advanced', '2021-02-04', 'saxofon', 'individual', 5);
INSERT INTO lesson (id, level, date, instrument_type, lesson_type, instructor_id)VALUES (56,'advanced', '2021-02-08','saxofon', 'individual',  4);
INSERT INTO lesson (id, level, date, instrument_type, lesson_type, instructor_id)VALUES (57,'advanced', '2021-02-14','gituarr', 'individual', 3);
INSERT INTO lesson (id, level, date, instrument_type, lesson_type, instructor_id)VALUES (58,'advanced', '2021-02-27','gituarr', 'individual', 1);
INSERT INTO lesson (id, level, date, instrument_type, lesson_type, instructor_id)VALUES (59,'advanced', '2021-02-11','flute', 'individual', 4);
INSERT INTO lesson (id, level, date, instrument_type, lesson_type, instructor_id)VALUES (60,'advanced', '2021-02-09','flute', 'individual', 5);
INSERT INTO lesson (id, level, date, instrument_type, lesson_type, instructor_id)VALUES (61,'advanced', '2021-02-04','piano', 'individual', 3);
INSERT INTO lesson (id, level, date, instrument_type, lesson_type, instructor_id)VALUES (62,'advanced', '2021-02-03','piano', 'individual', 1);
INSERT INTO lesson (id, level, date, instrument_type, lesson_type, instructor_id)VALUES (63,'advanced', '2021-02-06','piano', 'individual', 1);
INSERT INTO lesson (id, level, date, instrument_type, lesson_type, instructor_id)VALUES (64,'advanced', '2021-02-07','saxofon', 'individual', 2);
INSERT INTO lesson (id, level, date, instrument_type, lesson_type, instructor_id)VALUES (65,'advanced', '2021-03-08','saxofon', 'individual', 2);
INSERT INTO lesson (id, level, date, instrument_type, lesson_type, instructor_id)VALUES (66,'advanced', '2021-03-09','saxofon', 'individual', 3);
INSERT INTO lesson (id, level, date, instrument_type, lesson_type, instructor_id)VALUES (67,'advanced', '2021-03-15','gituarr', 'individual',  4);
INSERT INTO lesson (id, level, date, instrument_type, lesson_type, instructor_id)VALUES (68,'advanced', '2021-03-19','gituarr', 'individual', 5);
INSERT INTO lesson (id, level, date, instrument_type, lesson_type, instructor_id)VALUES (69,'advanced', '2021-03-23','flute', 'individual', 1);
INSERT INTO lesson (id, level, date, instrument_type, lesson_type, instructor_id)VALUES (70,'advanced', '2021-03-30','flute', 'individual', 2);
INSERT INTO lesson (id, level, date, instrument_type, lesson_type, instructor_id)VALUES (71,'advanced', '2021-03-18','piano', 'individual',3);
INSERT INTO lesson (id, level, date, instrument_type, lesson_type, instructor_id)VALUES (72,'advanced', '2021-03-23','piano', 'individual', 4);
INSERT INTO lesson (id, level, date, instrument_type, lesson_type, instructor_id)VALUES (73,'advanced', '2021-03-11','piano', 'individual', 5);

INSERT INTO lesson (id, level, date, instrument_type, lesson_type, instructor_id)VALUES (74,'advanced', '2021-03-10','saxofon', 'individual', 1);
INSERT INTO lesson (id, level, date, instrument_type, lesson_type, instructor_id)VALUES (75,'advanced', '2021-03-12','saxofon', 'individual', 2);
INSERT INTO lesson (id, level, date, instrument_type, lesson_type, instructor_id) VALUES (83,'beginner', '2021-04-03','piano', 'individual', 1);
INSERT INTO lesson (id, level, date, instrument_type, lesson_type, instructor_id) VALUES (84,'beginner', '2021-04-07','piano', 'individual', 2);
INSERT INTO lesson (id, level, date, instrument_type, lesson_type, instructor_id) VALUES (85,'beginner', '2021-04-01','saxofon', 'individual', 3);
INSERT INTO lesson (id, level, date, instrument_type, lesson_type, instructor_id) VALUES (86,'beginner', '2021-04-04','saxofon', 'individual', 4);
INSERT INTO lesson (id, level, date, instrument_type, lesson_type, instructor_id) VALUES (87,'beginner', '2021-04-06','saxofon', 'individual',5);
INSERT INTO lesson (id, level, date, instrument_type, lesson_type, instructor_id) VALUES (88,'beginner', '2021-04-07','gituarr', 'individual', 1);
INSERT INTO lesson (id, level, date, instrument_type, lesson_type, instructor_id) VALUES (89,'beginner', '2021-04-12','gituarr', 'individual', 2);
INSERT INTO lesson (id, level, date, instrument_type, lesson_type, instructor_id) VALUES (90,'beginner', '2021-04-15','flute', 'individual', 3);
INSERT INTO lesson (id, level, date, instrument_type, lesson_type, instructor_id) VALUES (91,'beginner', '2021-04-17','flute', 'individual', 4);
INSERT INTO lesson (id, level, date, instrument_type, lesson_type, instructor_id) VALUES (92,'beginner', '2021-04-14','piano', 'individual', 5);
INSERT INTO lesson (id, level, date, instrument_type, lesson_type, instructor_id) VALUES (93,'beginner', '2021-04-21','piano', 'individual', 1);
INSERT INTO lesson (id, level, date, instrument_type, lesson_type, instructor_id) VALUES (94,'beginner', '2021-04-4','piano', 'individual',  2);
INSERT INTO lesson (id, level, date, instrument_type, lesson_type, instructor_id) VALUES (95,'beginner', '2021-04-27','drums', 'individual', 3);
INSERT INTO lesson (id, level, date, instrument_type, lesson_type, instructor_id) VALUES (96,'beginner', '2021-04-24','drums', 'individual', 4);
INSERT INTO lesson (id, level, date, instrument_type, lesson_type, instructor_id) VALUES (97,'beginner', '2021-04-23','drums', 'individual', 5);
INSERT INTO lesson (id, level, date, instrument_type, lesson_type, instructor_id) VALUES (98,'beginner', '2021-04-12','drums', 'individual', 1);
INSERT INTO lesson (id, level, date, instrument_type, lesson_type, instructor_id) VALUES (99,'beginner', '2021-04-28','violoin', 'individual', 2);
INSERT INTO lesson (id, level, date, instrument_type, lesson_type, instructor_id) VALUES (100,'beginner', '2021-04-12','violoin', 'individual', 3);
INSERT INTO lesson (id, level, date, instrument_type, lesson_type, instructor_id) VALUES (101,'beginner', '2021-04-28','trumpet', 'individual', 4);
INSERT INTO lesson (id, level, date, instrument_type, lesson_type, instructor_id) VALUES (102,'beginner', '2021-04-27','trumpet', 'individual', 5);
INSERT INTO lesson (id, level, date, instrument_type, lesson_type, instructor_id) VALUES (103,'intermidiate', '2021-04-25','piano', 'individual', 1);
INSERT INTO lesson (id, level, date, instrument_type, lesson_type, instructor_id) VALUES (104,'intermidiate', '2021-04-21','piano', 'individual', 2);

INSERT INTO lesson (id, level, date, instrument_type, lesson_type, instructor_id) VALUES (105,'intermidiate', '2021-04-20','clarinet', 'individual', 3);
INSERT INTO lesson (id, level, date, instrument_type, lesson_type, instructor_id) VALUES (106,'intermidiate', '2021-04-19','clarinet', 'individual', 4);
INSERT INTO lesson (id, level, date, instrument_type, lesson_type, instructor_id) VALUES (107,'intermidiate', '2021-04-18','saxofon', 'individual', 5);
INSERT INTO lesson (id, level, date, instrument_type, lesson_type, instructor_id) VALUES (108,'intermidiate', '2021-04-16','gituarr', 'individual', 1);
INSERT INTO lesson (id, level, date, instrument_type, lesson_type, instructor_id) VALUES (109,'intermidiate', '2021-04-29','gituarr', 'individual', 2);
INSERT INTO lesson (id, level, date, instrument_type, lesson_type, instructor_id) VALUES (110,'intermidiate', '2021-04-24','flute', 'individual', 3);
INSERT INTO lesson (id, level, date, instrument_type, lesson_type, instructor_id) VALUES (111,'intermidiate', '2021-04-27','flute', 'individual', 4);
INSERT INTO lesson (id, level, date, instrument_type, lesson_type, instructor_id) VALUES (112,'intermidiate', '2021-04-21','piano', 'individual', 5);
INSERT INTO lesson (id, level, date, instrument_type, lesson_type, instructor_id) VALUES (113,'intermidiate', '2021-04-29','piano', 'individual', 1);
INSERT INTO lesson (id, level, date, instrument_type, lesson_type, instructor_id) VALUES (114,'intermidiate', '2021-04-13','piano', 'individual', 2);





INSERT INTO lesson (id, level, date, instrument_type, lesson_type, instructor_id) VALUES (76,'beginner', '2021-03-03','piano', 'group', 2);
INSERT INTO lesson (id, level, date, instrument_type, lesson_type,  instructor_id ) VALUES (77,'intermidiate', '2021-03-19','trumpet', 'group', 1);
INSERT INTO lesson (id, level, date, instrument_type, lesson_type, instructor_id ) VALUES (78,'advanced', '2021-03-25','guitar', 'group', 1);
INSERT INTO lesson (id, level, date, instrument_type, lesson_type, instructor_id) VALUES (80,'beginner', '2021-03-03','saxophone', 'group', 3);
INSERT INTO lesson (id, level, date, instrument_type, lesson_type, instructor_id) VALUES (115,'intermidiate', '2021-04-19','clarinet', 'group',  2);
INSERT INTO lesson (id, level, date, instrument_type, lesson_type, instructor_id) VALUES (116,'advanced', '2021-04-25','gituarr', 'group',  1);



INSERT INTO lesson (id, level, date, instrument_type, lesson_type, instructor_id) VALUES (79,'beginner', '2021-03-30','piano', 'ensembles',  2);
INSERT INTO lesson (id, level, date, instrument_type, lesson_type, instructor_id) VALUES (81,'beginner', '2021-03-30','drums', 'ensembles', 4);
INSERT INTO lesson (id, level, date, instrument_type, lesson_type, instructor_id) VALUES (82,'advanced', '2021-03-30','gituarr', 'ensembles', 2);
INSERT INTO lesson (id, level, date, instrument_type, lesson_type, instructor_id ) VALUES (117,'beginner', '2021-04-21','piano', 'ensembles', 2);
INSERT INTO lesson (id, level, date, instrument_type, lesson_type, instructor_id) VALUES (118,'intermidiate', '2021-04-24','clarinet', 'ensembles', 3);
INSERT INTO lesson (id, level, date, instrument_type, lesson_type, instructor_id) VALUES (119,'advanced', '2021-04-30','gituarr', 'ensembles',  4);



INSERT INTO indvidual_lesson (lesson_id,student_id) VALUES (1,1);
INSERT INTO indvidual_lesson (lesson_id,student_id) VALUES (2,2);
INSERT INTO indvidual_lesson (lesson_id,student_id) VALUES (3,3);
INSERT INTO indvidual_lesson (lesson_id,student_id) VALUES (4,4);
INSERT INTO indvidual_lesson (lesson_id,student_id) VALUES (5,5);
INSERT INTO indvidual_lesson (lesson_id,student_id) VALUES (6,6);
INSERT INTO indvidual_lesson (lesson_id,student_id) VALUES (7,7);
INSERT INTO indvidual_lesson (lesson_id,student_id) VALUES (8,8);
INSERT INTO indvidual_lesson (lesson_id,student_id) VALUES (9,9);
INSERT INTO indvidual_lesson (lesson_id,student_id) VALUES (10,10);
INSERT INTO indvidual_lesson (lesson_id,student_id) VALUES (11,11);
INSERT INTO indvidual_lesson (lesson_id,student_id) VALUES (12,12);
INSERT INTO indvidual_lesson (lesson_id,student_id) VALUES (13,13);
INSERT INTO indvidual_lesson (lesson_id,student_id) VALUES (14,14);
INSERT INTO indvidual_lesson (lesson_id,student_id) VALUES (15,15);
INSERT INTO indvidual_lesson (lesson_id,student_id) VALUES (16,16);
INSERT INTO indvidual_lesson (lesson_id,student_id) VALUES (17,17);
INSERT INTO indvidual_lesson (lesson_id,student_id) VALUES (18,18);
INSERT INTO indvidual_lesson (lesson_id,student_id) VALUES (19,19);
INSERT INTO indvidual_lesson (lesson_id,student_id) VALUES (20,20);

INSERT INTO indvidual_lesson (lesson_id,student_id) VALUES (21,1);
INSERT INTO indvidual_lesson (lesson_id,student_id) VALUES (22,2);
INSERT INTO indvidual_lesson (lesson_id,student_id) VALUES (23,3);
INSERT INTO indvidual_lesson (lesson_id,student_id) VALUES (24,4);
INSERT INTO indvidual_lesson (lesson_id,student_id) VALUES (25,5);
INSERT INTO indvidual_lesson (lesson_id,student_id) VALUES (26,6);
INSERT INTO indvidual_lesson (lesson_id,student_id) VALUES (27,7);
INSERT INTO indvidual_lesson (lesson_id,student_id) VALUES (28,8);
INSERT INTO indvidual_lesson (lesson_id,student_id) VALUES (29,9);
INSERT INTO indvidual_lesson (lesson_id,student_id) VALUES (30,10);
INSERT INTO indvidual_lesson (lesson_id,student_id) VALUES (31,11);
INSERT INTO indvidual_lesson (lesson_id,student_id) VALUES (32,12);
INSERT INTO indvidual_lesson (lesson_id,student_id) VALUES (33,13);
INSERT INTO indvidual_lesson (lesson_id,student_id) VALUES (34,14);
INSERT INTO indvidual_lesson (lesson_id,student_id) VALUES (35,15);
INSERT INTO indvidual_lesson (lesson_id,student_id) VALUES (36,16);
INSERT INTO indvidual_lesson (lesson_id,student_id) VALUES (37,17);
INSERT INTO indvidual_lesson (lesson_id,student_id) VALUES (38,18);
INSERT INTO indvidual_lesson (lesson_id,student_id) VALUES (39,19);
INSERT INTO indvidual_lesson (lesson_id,student_id) VALUES (40,20);


INSERT INTO indvidual_lesson (lesson_id,student_id) VALUES (41,1);
INSERT INTO indvidual_lesson (lesson_id,student_id) VALUES (42,2);
INSERT INTO indvidual_lesson (lesson_id,student_id) VALUES (43,3);
INSERT INTO indvidual_lesson (lesson_id,student_id) VALUES (44,4);
INSERT INTO indvidual_lesson (lesson_id,student_id) VALUES (45,5);
INSERT INTO indvidual_lesson (lesson_id,student_id) VALUES (46,6);
INSERT INTO indvidual_lesson (lesson_id,student_id) VALUES (47,7);
INSERT INTO indvidual_lesson (lesson_id,student_id) VALUES (48,8);
INSERT INTO indvidual_lesson (lesson_id,student_id) VALUES (49,9);
INSERT INTO indvidual_lesson (lesson_id,student_id) VALUES (50,10);


INSERT INTO indvidual_lesson (lesson_id,student_id) VALUES (51,1);
INSERT INTO indvidual_lesson (lesson_id,student_id) VALUES (52,2);
INSERT INTO indvidual_lesson (lesson_id,student_id) VALUES (53,3);
INSERT INTO indvidual_lesson (lesson_id,student_id) VALUES (54,4);
INSERT INTO indvidual_lesson (lesson_id,student_id) VALUES (55,5);
INSERT INTO indvidual_lesson (lesson_id,student_id) VALUES (56,6);
INSERT INTO indvidual_lesson (lesson_id,student_id) VALUES (57,7);
INSERT INTO indvidual_lesson (lesson_id,student_id) VALUES (58,8);
INSERT INTO indvidual_lesson (lesson_id,student_id) VALUES (59,9);
INSERT INTO indvidual_lesson (lesson_id,student_id) VALUES (60,10);

INSERT INTO indvidual_lesson (lesson_id,student_id) VALUES (61,1);
INSERT INTO indvidual_lesson (lesson_id,student_id) VALUES (62,2);
INSERT INTO indvidual_lesson (lesson_id,student_id) VALUES (63,3);
INSERT INTO indvidual_lesson (lesson_id,student_id) VALUES (64,4);
INSERT INTO indvidual_lesson (lesson_id,student_id) VALUES (65,5);
INSERT INTO indvidual_lesson (lesson_id,student_id) VALUES (66,6);
INSERT INTO indvidual_lesson (lesson_id,student_id) VALUES (67,7);
INSERT INTO indvidual_lesson (lesson_id,student_id) VALUES (68,8);
INSERT INTO indvidual_lesson (lesson_id,student_id) VALUES (69,9);
INSERT INTO indvidual_lesson (lesson_id,student_id) VALUES (70,10);


INSERT INTO group_lesson (lesson_id,group_lesson_type, maximum_number_of_students , minimum_number_of_students) VALUES (76,'piano', 12, 3);
INSERT INTO group_lesson (lesson_id,group_lesson_type, maximum_number_of_students , minimum_number_of_students) VALUES (77,'trumpet', 10, 5);
INSERT INTO group_lesson (lesson_id,group_lesson_type, maximum_number_of_students , minimum_number_of_students) VALUES (78,'guitar', 14, 2);


INSERT INTO student_group_lesson (lesson_id,student_id) VALUES (76,1);
INSERT INTO student_group_lesson (lesson_id,student_id) VALUES (76,2);
INSERT INTO student_group_lesson (lesson_id,student_id) VALUES (76,3);
INSERT INTO student_group_lesson (lesson_id,student_id) VALUES (76,4);
INSERT INTO student_group_lesson (lesson_id,student_id) VALUES (76,5);
INSERT INTO student_group_lesson (lesson_id,student_id) VALUES (76,6);
INSERT INTO student_group_lesson (lesson_id,student_id) VALUES (76,7);

INSERT INTO student_group_lesson (lesson_id,student_id) VALUES (77,8);
INSERT INTO student_group_lesson (lesson_id,student_id) VALUES (77,9);
INSERT INTO student_group_lesson (lesson_id,student_id) VALUES (77,10);
INSERT INTO student_group_lesson (lesson_id,student_id) VALUES (77,11);
INSERT INTO student_group_lesson (lesson_id,student_id) VALUES (77,12);
INSERT INTO student_group_lesson (lesson_id,student_id) VALUES (77,13);
INSERT INTO student_group_lesson (lesson_id,student_id) VALUES (77,14);

INSERT INTO student_group_lesson (lesson_id,student_id) VALUES (78,15);
INSERT INTO student_group_lesson (lesson_id,student_id) VALUES (78,16);
INSERT INTO student_group_lesson (lesson_id,student_id) VALUES (78,17);
INSERT INTO student_group_lesson (lesson_id,student_id) VALUES (78,18);
INSERT INTO student_group_lesson (lesson_id,student_id) VALUES (78,19);
INSERT INTO student_group_lesson (lesson_id,student_id) VALUES (78,20);
INSERT INTO student_group_lesson (lesson_id,student_id) VALUES (78,1);
INSERT INTO student_group_lesson (lesson_id,student_id) VALUES (78,2);
INSERT INTO student_group_lesson (lesson_id,student_id) VALUES (78,3);


INSERT INTO ensemble (lesson_id,genre, maximum_number_of_students , minimum_number_of_students) VALUES (79,'relax music', 10, 3);
INSERT INTO ensemble (lesson_id,genre, maximum_number_of_students , minimum_number_of_students) VALUES (81,'rock and roll', 16, 3);
INSERT INTO ensemble (lesson_id,genre, maximum_number_of_students , minimum_number_of_students) VALUES (82,'flamenco', 11, 3);


INSERT INTO student_ensemble(lesson_id,student_id) VALUES (79,1);
INSERT INTO student_ensemble(lesson_id,student_id) VALUES (79,2);
INSERT INTO student_ensemble(lesson_id,student_id) VALUES (79,3);
INSERT INTO student_ensemble(lesson_id,student_id) VALUES (79,4);
INSERT INTO student_ensemble(lesson_id,student_id) VALUES (79,5);
INSERT INTO student_ensemble(lesson_id,student_id) VALUES (79,6);
INSERT INTO student_ensemble(lesson_id,student_id) VALUES (79,7);

INSERT INTO student_ensemble(lesson_id,student_id) VALUES (81,8);
INSERT INTO student_ensemble(lesson_id,student_id) VALUES (81,9);
INSERT INTO student_ensemble(lesson_id,student_id) VALUES (81,10);
INSERT INTO student_ensemble(lesson_id,student_id) VALUES (81,11);
INSERT INTO student_ensemble(lesson_id,student_id) VALUES (81,12);
INSERT INTO student_ensemble(lesson_id,student_id) VALUES (81,13);
INSERT INTO student_ensemble(lesson_id,student_id) VALUES (81,14);



INSERT INTO student_ensemble(lesson_id,student_id) VALUES (82,15);
INSERT INTO student_ensemble(lesson_id,student_id) VALUES (82,16);
INSERT INTO student_ensemble(lesson_id,student_id) VALUES (82,17);
INSERT INTO student_ensemble(lesson_id,student_id) VALUES (82,18);
INSERT INTO student_ensemble(lesson_id,student_id) VALUES (82,19);
INSERT INTO student_ensemble(lesson_id,student_id) VALUES (82,20);




INSERT INTO price_scheme_student (id, advanced_price_student ,intermediate_price_student , beginner_price_student, renting_price_per_day) VALUES (1,175, 110, 80, 50);


INSERT INTO price_for_student (price_scheme_student_id, student_id) VALUES (1,1);
INSERT INTO price_for_student (price_scheme_student_id, student_id) VALUES (1,2);
INSERT INTO price_for_student (price_scheme_student_id, student_id) VALUES (1,3);
INSERT INTO price_for_student (price_scheme_student_id, student_id) VALUES (1,4);
INSERT INTO price_for_student (price_scheme_student_id, student_id) VALUES (1,5);
INSERT INTO price_for_student (price_scheme_student_id, student_id) VALUES (1,6);
INSERT INTO price_for_student (price_scheme_student_id, student_id) VALUES (1,7);
INSERT INTO price_for_student (price_scheme_student_id, student_id) VALUES (1,8);
INSERT INTO price_for_student (price_scheme_student_id, student_id) VALUES (1,9);
INSERT INTO price_for_student (price_scheme_student_id, student_id) VALUES (1,10);
INSERT INTO price_for_student (price_scheme_student_id, student_id) VALUES (1,11);
INSERT INTO price_for_student (price_scheme_student_id, student_id) VALUES (1,12);
INSERT INTO price_for_student (price_scheme_student_id, student_id) VALUES (1,13);
INSERT INTO price_for_student (price_scheme_student_id, student_id) VALUES (1,14);
INSERT INTO price_for_student (price_scheme_student_id, student_id) VALUES (1,15);
INSERT INTO price_for_student (price_scheme_student_id, student_id) VALUES (1,16);
INSERT INTO price_for_student (price_scheme_student_id, student_id) VALUES (1,17);
INSERT INTO price_for_student (price_scheme_student_id, student_id) VALUES (1,18);
INSERT INTO price_for_student (price_scheme_student_id, student_id) VALUES (1,19);
INSERT INTO price_for_student (price_scheme_student_id, student_id) VALUES (1,20);




INSERT INTO price_scheme_instructor (id, advanced_price_instructor ,intermediate_price_intructor , beginner_price_instructor) VALUES (1,125, 80,50);

INSERT INTO price_for_instructor (price_scheme_instructor_id, instructor_id) VALUES (1,1);
INSERT INTO price_for_instructor (price_scheme_instructor_id, instructor_id) VALUES (1,2);
INSERT INTO price_for_instructor (price_scheme_instructor_id, instructor_id) VALUES (1,3);
INSERT INTO price_for_instructor (price_scheme_instructor_id, instructor_id) VALUES (1,4);
INSERT INTO price_for_instructor (price_scheme_instructor_id, instructor_id) VALUES (1,5);

