INSERT INTO contacts_details (id,name, personal_number,age,city,zip,street, role) VALUES (1,'Alex Peterson', 9504076655, 27, 'Stockholm', 12345, 'Sveavägen 44', 'student');
INSERT INTO contacts_details (id,name, personal_number,age,city,zip,street, role) VALUES (2,'Filip Andersson', 9104016988, 30, 'Stockholm', 13123, 'Malmvägen 2', 'student');
INSERT INTO contacts_details (id,name, personal_number,age,city,zip,street, role) VALUES (3,'Samir Kamel', 9005091122, 31, 'Stockholm', 16422, 'Brungatan 40', 'student');
INSERT INTO contacts_details (id,name, personal_number,age,city,zip,street, role) VALUES (4,'Kristian Larsson', 89010213378, 32, 'Stockholm', 14211, 'Vitbacken 64', 'student');
INSERT INTO contacts_details (id,name, personal_number,age,city,zip,street, role) VALUES (5,'Anna Hue', 8804071198, 33, 'Stockholm', 12112, 'Gulkullan 42', 'student');
INSERT INTO contacts_details (id,name, personal_number,age,city,zip,street, role) VALUES (6,'Alan Sarr', 0404076655, 17, 'Stockholm', 18482, 'Sveagatan 108', 'student');
INSERT INTO contacts_details (id,name, personal_number,age,city,zip,street, role) VALUES (7,'Josef Milk', 0304076655, 18, 'Stockholm', 14942, 'Hanstagatan 55', 'student');
INSERT INTO contacts_details (id,name, personal_number,age,city,zip,street, role) VALUES (8,'Alice Johansson', 0204076655, 19, 'Stockholm', 12299, 'Melongatan 11', 'student');
INSERT INTO contacts_details (id,name, personal_number,age,city,zip,street, role) VALUES (9,'Elsa Nilsson', 0104076655, 20, 'Stockholm', 13453, 'Persikogatan 12', 'student');
INSERT INTO contacts_details (id,name, personal_number,age,city,zip,street, role) VALUES (10,'Astrid Eriksson', 0004076655, 21, 'Stockholm', 14021, 'Kistatorg 4', 'student');
INSERT INTO contacts_details (id,name, personal_number,age,city,zip,street, role) VALUES (11,'Alma Larsson', 0604076655, 17, 'Stockholm', 14421, 'Kthskola 1a', 'student');
INSERT INTO contacts_details (id,name, personal_number,age,city,zip,street, role) VALUES (12,'Selma Olsson', 0504076655, 16, 'Stockholm', 19832, 'kthKista 3', 'student');
INSERT INTO contacts_details (id,name, personal_number,age,city,zip,street, role) VALUES (13,'Olivia Persson', 0604076655, 15, 'Stockholm', 12092, 'uppochner 9', 'student');
INSERT INTO contacts_details (id,name, personal_number,age,city,zip,street, role) VALUES (14,'Signe Gustafsson', 0504076655, 16, 'Stockholm', 10875, 'dromgatan 3', 'student');
INSERT INTO contacts_details (id,name, personal_number,age,city,zip,street, role) VALUES (15,'Ella Lindström', 0404076655, 17, 'Stockholm', 12225, 'Sveagatana 7', 'student');
INSERT INTO contacts_details (id,name, personal_number,age,city,zip,street, role) VALUES (16,'Ebba Lars', 9010107851, 31, 'Stockholm', 15789, 'råsundagatan 1', 'student');
INSERT INTO contacts_details (id,name, personal_number,age,city,zip,street, role) VALUES (17,'Love Peterson', 910904, 30, 'Stockholm', 12345, 'Sveavägen 44', 'student');
INSERT INTO contacts_details (id,name, personal_number,age,city,zip,street, role) VALUES (18,'Agnes Peterson', 0006041122, 22, 'Stockholm', 12345, 'Sveavägen 44', 'student');
INSERT INTO contacts_details (id,name, personal_number,age,city,zip,street, role) VALUES (19,'Vera Peterson', 0202027946, 19, 'Stockholm', 12345, 'Sveavägen 44', 'student');
INSERT INTO contacts_details (id,name, personal_number,age,city,zip,street, role) VALUES (20,'Saga Peterson', 9812138944, 23, 'Stockholm', 12345, 'Sveavägen 44', 'student');

INSERT INTO student (id, student_id , parent_name , family_id_for_discount  ,contacts_details_id) VALUES (1,'STU1','David Peterson ', 'DISC_STU1', 1);
INSERT INTO student (id, student_id , parent_name , family_id_for_discount  ,contacts_details_id) VALUES (2,'STU2','Erik Andersson ', 'DISC_STU2', 2);
INSERT INTO student (id, student_id , parent_name , family_id_for_discount  ,contacts_details_id) VALUES (3,'STU3','Zlatan Kamel ', 'DISC_STU3', 3);
INSERT INTO student (id, student_id , parent_name , family_id_for_discount  ,contacts_details_id) VALUES (4,'STU4','Alan Larsson', 'DISC_STU4', 4);
INSERT INTO student (id, student_id , parent_name , family_id_for_discount  ,contacts_details_id) VALUES (5,'STU5','Selma Hue ', 'DISC_STU5',5);
INSERT INTO student (id, student_id , parent_name , family_id_for_discount  ,contacts_details_id) VALUES (6,'STU6','Lars Sarr ', 'DISC_STU6',6);
INSERT INTO student (id, student_id , parent_name , family_id_for_discount  ,contacts_details_id) VALUES (7,'STU7','Samir Milk ', 'DISC_STU7',7);
INSERT INTO student (id, student_id , parent_name , family_id_for_discount  ,contacts_details_id) VALUES (8,'STU8','Jesper Johansson ', 'DISC_STU8',8);
INSERT INTO student (id, student_id , parent_name , family_id_for_discount  ,contacts_details_id) VALUES (9,'STU9','Alan Nilsson ', 'DISC_STU9', 9);
INSERT INTO student (id, student_id , parent_name , family_id_for_discount  ,contacts_details_id) VALUES (10,'STU10','Alice Eriksson ', 'DISC_STU10',10);
INSERT INTO student (id, student_id , parent_name , family_id_for_discount  ,contacts_details_id) VALUES (11,'STU11','Elsa Larsson ', 'DISC_STU11',11);
INSERT INTO student (id, student_id , parent_name , family_id_for_discount  ,contacts_details_id) VALUES (12,'STU12','Kajsa Olsson ', 'DISC_STU12',12);
INSERT INTO student (id, student_id , parent_name , family_id_for_discount  ,contacts_details_id) VALUES (13,'STU13','Josef Persson ', 'DISC_STU13',13);
INSERT INTO student (id, student_id , parent_name , family_id_for_discount  ,contacts_details_id) VALUES (14,'STU14','Alma Gustafsson ', 'DISC_STU14',14);
INSERT INTO student (id, student_id , parent_name , family_id_for_discount  ,contacts_details_id) VALUES (15,'STU15','Anna Lindström ', 'DISC_STU15', 15);
INSERT INTO student (id, student_id , parent_name , family_id_for_discount  ,contacts_details_id) VALUES (16,'STU16','Selma Lars ', 'DISC_STU16',  16);
INSERT INTO student (id, student_id , parent_name , family_id_for_discount  ,contacts_details_id) VALUES (17,'STU17','David Naish ', 'DISC_STU17',  17);
INSERT INTO student (id, student_id , parent_name , family_id_for_discount  ,contacts_details_id) VALUES (18,'STU18','Sam Smith ', 'DISC_STU4', 18);
INSERT INTO student (id, student_id , parent_name , family_id_for_discount  ,contacts_details_id) VALUES (19,'STU19','David Peterson ', 'DISC_STU1', 19);
INSERT INTO student (id, student_id , parent_name , family_id_for_discount  ,contacts_details_id) VALUES (20,'STU20','David Hawkey ', 'DISC_STU11', 20);

INSERT INTO telephone_number (id, number, parent_number) VALUES (1,'07721234567','07727654321');
INSERT INTO telephone_number (id, number, parent_number) VALUES (2,'07758934567','07701234321');
INSERT INTO telephone_number (id, number, parent_number) VALUES (3,'07744224567','07701244321');
INSERT INTO telephone_number (id, number, parent_number) VALUES (4,'07721239856','07700474321');
INSERT INTO telephone_number (id, number, parent_number) VALUES (5,'07721234411','07712346321');
INSERT INTO telephone_number (id, number, parent_number) VALUES (6,'07721230015','07714789321');
INSERT INTO telephone_number (id, number, parent_number) VALUES (7,'07721237841','07715674321');
INSERT INTO telephone_number (id, number, parent_number) VALUES (8,'07721230157','07712358321');
INSERT INTO telephone_number (id, number, parent_number) VALUES (9,'07745879467','07714789321');
INSERT INTO telephone_number (id, number, parent_number) VALUES (10,'07721200318','07735857721');
INSERT INTO telephone_number (id, number, parent_number) VALUES (11,'07721456789','07746878621');
INSERT INTO telephone_number (id, number, parent_number) VALUES (12,'07721238520','07702358321');
INSERT INTO telephone_number (id, number, parent_number) VALUES (13,'07721237896','07701212321');
INSERT INTO telephone_number (id, number, parent_number) VALUES (14,'07721887747','07702255321');
INSERT INTO telephone_number (id, number, parent_number) VALUES (15,'07701546567','07748996321');
INSERT INTO telephone_number (id, number, parent_number) VALUES (16,'07702494567','07726541121');
INSERT INTO telephone_number (id, number, parent_number) VALUES (17,'07705684567','07727654321');
INSERT INTO telephone_number (id, number, parent_number) VALUES (18,'07701479567','07727654321');
INSERT INTO telephone_number (id, number, parent_number) VALUES (19,'07703658767','07727654321');
INSERT INTO telephone_number (id, number, parent_number) VALUES (20,'07705897067','07727654321');


INSERT INTO email (id,eamil_adress) VALUES (1,'Alex.Peterson@soundgood.se');
INSERT INTO email (id,eamil_adress) VALUES (2,'Filip.Andersson@soundgood.se');
INSERT INTO email (id,eamil_adress) VALUES (3,'Samir.Kamel@soundgood.se');
INSERT INTO email (id,eamil_adress) VALUES (4,'Kristian.Larsson@soundgood.se');
INSERT INTO email (id,eamil_adress) VALUES (5,'Anna.Hue@soundgood.se');
INSERT INTO email (id,eamil_adress) VALUES (6,'Alan.Sarr@soundgood.se');
INSERT INTO email (id,eamil_adress) VALUES (7,'Josef.Milk@soundgood.se');
INSERT INTO email (id,eamil_adress) VALUES (8,'Alice.Johansson@soundgood.se');
INSERT INTO email (id,eamil_adress) VALUES (9,'Elsa.Nilsson@soundgood.se');
INSERT INTO email (id,eamil_adress) VALUES (10,'Astrid.Eriksson@soundgood.se');
INSERT INTO email (id,eamil_adress) VALUES (11,'Alma.Larsson@soundgood.se');
INSERT INTO email (id,eamil_adress) VALUES (12,'Selma.Olsson@soundgood.se');
INSERT INTO email (id,eamil_adress) VALUES (13,'Olivia.Persson@soundgood.se');
INSERT INTO email (id,eamil_adress) VALUES (14,'Signe.Gustafsson@soundgood.se');
INSERT INTO email (id,eamil_adress) VALUES (15,'Ella.Lindström@soundgood.se');
INSERT INTO email (id,eamil_adress) VALUES (16,'Ebba.Lars@soundgood.se');
INSERT INTO email (id,eamil_adress) VALUES (17,'Love.Peterson@soundgood.se');
INSERT INTO email (id,eamil_adress) VALUES (18,'Agnes.Peterson@soundgood.se');
INSERT INTO email (id,eamil_adress) VALUES (19,'Vera.Peterson@soundgood.se');
INSERT INTO email (id,eamil_adress) VALUES (20,'Saga.Peterson@soundgood.se');


INSERT INTO contact_detail_email (email_id,contacts_details_id) VALUES (1,1);
INSERT INTO contact_detail_email (email_id,contacts_details_id) VALUES (2,2);
INSERT INTO contact_detail_email (email_id,contacts_details_id) VALUES (3,3);
INSERT INTO contact_detail_email (email_id,contacts_details_id) VALUES (4,4);
INSERT INTO contact_detail_email (email_id,contacts_details_id) VALUES (5,5);
INSERT INTO contact_detail_email (email_id,contacts_details_id) VALUES (6,6);
INSERT INTO contact_detail_email (email_id,contacts_details_id) VALUES (7,7);
INSERT INTO contact_detail_email (email_id,contacts_details_id) VALUES (8,8);
INSERT INTO contact_detail_email (email_id,contacts_details_id) VALUES (9,9);
INSERT INTO contact_detail_email (email_id,contacts_details_id) VALUES (10,10);
INSERT INTO contact_detail_email (email_id,contacts_details_id) VALUES (11,11);
INSERT INTO contact_detail_email (email_id,contacts_details_id) VALUES (12,12);
INSERT INTO contact_detail_email (email_id,contacts_details_id) VALUES (13,13);
INSERT INTO contact_detail_email (email_id,contacts_details_id) VALUES (14,14);
INSERT INTO contact_detail_email (email_id,contacts_details_id) VALUES (15,15);
INSERT INTO contact_detail_email (email_id,contacts_details_id) VALUES (16,16);
INSERT INTO contact_detail_email (email_id,contacts_details_id) VALUES (17,17);
INSERT INTO contact_detail_email (email_id,contacts_details_id) VALUES (18,18);
INSERT INTO contact_detail_email (email_id,contacts_details_id) VALUES (19,19);
INSERT INTO contact_detail_email (email_id,contacts_details_id) VALUES (20,20);

INSERT INTO contact_detail_phone (telefone_number_id,contacts_details_id) VALUES (1,1);
INSERT INTO contact_detail_phone (telefone_number_id,contacts_details_id) VALUES (2,2);
INSERT INTO contact_detail_phone (telefone_number_id,contacts_details_id) VALUES (3,3);
INSERT INTO contact_detail_phone (telefone_number_id,contacts_details_id) VALUES (4,4);
INSERT INTO contact_detail_phone (telefone_number_id,contacts_details_id) VALUES (5,5);
INSERT INTO contact_detail_phone (telefone_number_id,contacts_details_id) VALUES (6,6);
INSERT INTO contact_detail_phone (telefone_number_id,contacts_details_id) VALUES (7,7);
INSERT INTO contact_detail_phone (telefone_number_id,contacts_details_id) VALUES (8,8);
INSERT INTO contact_detail_phone (telefone_number_id,contacts_details_id) VALUES (9,9);
INSERT INTO contact_detail_phone (telefone_number_id,contacts_details_id) VALUES (10,10);
INSERT INTO contact_detail_phone (telefone_number_id,contacts_details_id) VALUES (11,11);
INSERT INTO contact_detail_phone (telefone_number_id,contacts_details_id) VALUES (12,12);
INSERT INTO contact_detail_phone (telefone_number_id,contacts_details_id) VALUES (13,13);
INSERT INTO contact_detail_phone (telefone_number_id,contacts_details_id) VALUES (14,14);
INSERT INTO contact_detail_phone (telefone_number_id,contacts_details_id) VALUES (15,15);
INSERT INTO contact_detail_phone (telefone_number_id,contacts_details_id) VALUES (16,16);
INSERT INTO contact_detail_phone (telefone_number_id,contacts_details_id) VALUES (17,17);
INSERT INTO contact_detail_phone (telefone_number_id,contacts_details_id) VALUES (18,18);
INSERT INTO contact_detail_phone (telefone_number_id,contacts_details_id) VALUES (19,19);
INSERT INTO contact_detail_phone (telefone_number_id,contacts_details_id) VALUES (20,20);

